ingredient_id	nom	NDB_No (USDA SR28)	description USDA
abricot	abricot	09021	APRICOTS,RAW
abricots-secs	abricots secs	09032	APRICOTS,DRIED,SULFURED,UNCKD
agneau-cotelette	côtelette d'agneau	17029	LAMB,DOM,RIB,LN&FAT,1/4"FAT,CHOIC,RAW
agneau-epaule	épaule d'agneau	17035	LAMB,DOM,SHLDR,WHL (ARM&BLD),LN&FAT,1/4"FAT,CHOIC,RAW
agneau-gigot	gigot d'agneau	17011	LAMB,DOM,LEG,WHL (SHK&SIRL),LN&FAT,1/4"FAT,CHOIC,RAW
agneau-hache	agneau haché	17224	LAMB,GROUND,RAW
agneau-souris	souris d'agneau	17007	LAMB,DOM,FORESHANK,LN&FAT,1/4"FAT,CHOIC,RAW
ail	ail	11215	GARLIC,RAW
amande	amandes	12061	ALMONDS
ananas	ananas	09266	PINEAPPLE,RAW,ALL VAR
anchois	anchois	15002	ANCHOVY,EUROPEAN,CND IN OIL,DRND SOL
aneth	aneth	02045	DILL WEED,FRSH
artichaut	artichaut	11007	ARTICHOKES,(GLOBE OR FRENCH),RAW
asperge	asperge	11011	ASPARAGUS,RAW
aubergine	aubergine	11209	EGGPLANT,RAW
avocat	avocat	09037	AVOCADOS,RAW,ALL COMM VAR
bacon	bacon	10123	PORK,CURED,BACON,UNPREP
banane	banane	09040	BANANAS,RAW
bar	bar	15091	SEA BASS,MXD SP,RAW
basilic	basilic	02044	BASIL,FRESH
betterave	betterave	11080	BEETS,RAW
beurre	beurre	01145	BUTTER,WITHOUT SALT
beurre-clarifie	beurre clarifié	01003	BUTTER OIL,ANHYDROUS
biere	bière	14003	ALCOHOLIC BEV,BEER,REG,ALL
blanc-oeuf	blanc d'œuf	01124	EGG,WHITE,RAW,FRESH
boeuf-bavette	bavette de bœuf	13065	BEEF,FLANK,STEAK,LN & FAT,0" FAT,CHOIC,RAW
boeuf-entrecote	entrecôte	13095	BEEF,RIB,EYE,SML END (RIBS 10-12),LN&FAT,0"FAT,CHOIC,RAW
boeuf-hache	bœuf haché	23572	BEEF,GROUND,80% LN MEAT / 20% FAT,RAW
boeuf-jarret	jarret de bœuf	13227	BEEF,SHANK CROSSCUTS,LN,1/4"FAT,CHOIC,RAW
boeuf-joue	joue de bœuf	13815	BEEF,CHUCK,BLADE RST,LN&FAT,1/8"FAT,ALL GRDS,RAW
boeuf-paleron	paleron de bœuf	13815	BEEF,CHUCK,BLADE RST,LN&FAT,1/8"FAT,ALL GRDS,RAW
boeuf-plat-de-cote	plat de côtes de bœuf	13815	BEEF,CHUCK,BLADE RST,LN&FAT,1/8"FAT,ALL GRDS,RAW
boeuf-queue	queue de bœuf	13815	BEEF,CHUCK,BLADE RST,LN&FAT,1/8"FAT,ALL GRDS,RAW
boeuf-rosbif	rôti de bœuf	13891	BEEF,RND,TOP RND,STEAK,LN & FAT,1/8" FAT,ALL GRDS,RAW
boeuf-steak	steak de bœuf	13891	BEEF,RND,TOP RND,STEAK,LN & FAT,1/8" FAT,ALL GRDS,RAW
boudin-noir	boudin noir	07005	BLOOD SAUSAGE
bouillon-boeuf	bouillon de bœuf maison	06170	SOUP,STOCK,BEEF,HOME-PREPARED
bouillon-volaille	bouillon de volaille maison	06172	SOUP,STOCK,CHICK,HOME-PREPARED
boulgour	boulgour	20012	BULGUR,DRY
brocoli	brocoli	11090	BROCCOLI,RAW
cabillaud	dos de cabillaud	15015	COD,ATLANTIC,RAW
cafe	café	14209	BEVERAGES,COFFEE,BREWED,PREP W/ TAP H2O
calamar	calamar	15175	SQUID,MIXED SPECIES,RAW
camembert	camembert	01007	CHEESE,CAMEMBERT
canard-cuisse	cuisse de canard	05141	DUCK,DOMESTICATED,MEAT ONLY,RAW
canard-magret	magret de canard	05141	DUCK,DOMESTICATED,MEAT ONLY,RAW
cannelle	cannelle	02010	CINNAMON,GROUND
capres	câpres	02054	CAPERS,CANNED
cardamome	cardamome	02006	SPICES,CARDAMOM
carotte	carotte	11124	CARROTS,RAW
celeri-branche	céleri branche	11143	CELERY,RAW
celeri-rave	céleri-rave	11141	CELERIAC,RAW
cerise	cerises	09070	CHERRIES,SWEET,RAW
champignon	champignon de Paris	11260	MUSHROOMS,WHITE,RAW
champignon-forestier	champignons forestiers	11239	MUSHROOMS,CHANTERELLE,RAW
chataigne	châtaigne cuite	12101	CHESTNUTS,EUROPEAN,BLD&STMD
cheddar	cheddar	01009	CHEESE,CHEDDAR
chevre-buche	bûche de chèvre	01157	CHEESE,GOAT,SEMISOFT TYPE
chocolat-noir	chocolat noir 70 %	19904	CHOCOLATE,DK,70-85% CACAO SOL
chorizo	chorizo	07019	CHORIZO,PORK AND BEEF
chou-bruxelles	chou de Bruxelles	11098	BRUSSELS SPROUTS,RAW
chou-chinois	chou chinois	11116	CABBAGE,CHINESE (PAK-CHOI),RAW
chou-fleur	chou-fleur	11135	CAULIFLOWER,RAW
chou-vert	chou vert	11114	CABBAGE,SAVOY,RAW
choucroute	choucroute crue	11439	SAUERKRAUT,CND,SOL&LIQUIDS
ciboulette	ciboulette	11156	CHIVES,RAW
citron	citron	09150	LEMONS,RAW,WITHOUT PEEL
citron-vert	citron vert	09159	LIMES,RAW
citronnelle	citronnelle	11972	LEMON GRASS (CITRONELLA),RAW
clementine	clémentine	09218	TANGERINES,(MANDARIN ORANGES),RAW
coeur-boeuf	cœur de bœuf	13321	BEEF,VAR MEATS&BY-PRODUCTS,HEART,RAW
coeur-volaille	cœurs de volaille	05025	CHICKEN,HEART,ALL CLASSES,RAW
coing	coing	09296	QUINCES,RAW
comte	comté	01023	CHEESE,GRUYERE
concentre-tomate	concentré de tomate	11546	TOMATO PRODUCTS,CND,PASTE,WO/ SALT ADDED
concombre	concombre	11205	CUCUMBER,WITH PEEL,RAW
confiture	confiture maison	19297	JAMS AND PRESERVES
coriandre	coriandre fraîche	11165	CORIANDER (CILANTRO) LEAVES,RAW
coriandre-graines	coriandre en poudre	02013	CORIANDER SEED
cornichon	cornichons	11937	PICKLES,CUCUMBER,DILL OR KOSHER DILL
cottage	cottage cheese	01012	CHEESE,COTTAGE,CRMD,LRG OR SML CURD
courge-butternut	courge butternut	11485	SQUASH,WNTR,BUTTERNUT,RAW
courgette	courgette	11477	SQUASH,SMMR,ZUCCHINI,INCL SKN,RAW
crabe	chair de crabe	15139	CRAB,BLUE,RAW
creme-fraiche	crème fraîche épaisse	01053	CREAM,FLUID,HVY WHIPPING
creme-liquide	crème liquide entière	01053	CREAM,FLUID,HVY WHIPPING
crevette	crevette	15149	CRUSTACEANS,SHRIMP,MXD SP,RAW (MAYBE PREVIOUSLY FROZEN)
crozets	crozets	20420	PASTA,DRY,UNENR
cumin	cumin	02014	CUMIN SEED
curcuma	curcuma	02043	TURMERIC,GROUND
datte	dattes	09421	DATES,MEDJOOL
dinde-cuisse	cuisse de dinde	05193	TURKEY,ALL CLASSES,LEG,MEAT&SKN,RAW
dinde-escalope	escalope de dinde	05219	TURKEY,BREAST,FROM WHL BIRD,MEAT ONLY,RAW
dinde-hachee	dinde hachée	05305	GROUND TURKEY,RAW
echalote	échalote	11677	SHALLOTS,RAW
edamame	edamame	11211	EDAMAME,FRZ,UNPREP
endive	endive	11151	CHICORY,WITLOOF,RAW
epinard	épinards	11457	SPINACH,RAW
escargots	escargots	90560	SNAIL,RAW
farine	farine de blé T65	20481	WHEAT FLR,WHITE,ALL-PURPOSE,UNENR
farine-riz	farine de riz	20061	RICE FLR,WHITE,UNENR
farine-sarrasin	farine de sarrasin	20011	BUCKWHEAT FLR,WHOLE-GROAT
farine-seigle	farine de seigle	20064	RYE FLOUR,MEDIUM
fecule-mais	fécule de maïs	20027	CORNSTARCH
fenouil	fenouil	11957	FENNEL,BULB,RAW
feta	feta	01019	CHEESE,FETA
feves	fèves	11088	BROADBEANS,IMMAT SEEDS,RAW
figue	figue fraîche	09089	FIGS,RAW
flocons-avoine	flocons d'avoine	08120	CEREALS,OATS,REG & QUICK,NOT FORT,DRY
foie-agneau	foie d'agneau	17199	LAMB,VAR MEATS&BY-PRODUCTS,LIVER,RAW
foie-veau	foie de veau	17202	VEAL,VAR MEATS&BY-PRODUCTS,LIVER,RAW
foie-volaille	foie de volaille	05027	CHICKEN,LIVER,ALL CLASSES,RAW
fraise	fraises	09316	STRAWBERRIES,RAW
framboise	framboises	09302	RASPBERRIES,RAW
fromage-frais-chevre	chèvre frais	01159	CHEESE,GOAT,SOFT TYPE
fumet-poisson	fumet de poisson	06174	SOUP,STOCK,FISH,HOME-PREPARED
garam-masala	garam masala	02015	CURRY POWDER
gelatine	gélatine	19177	GELATINS,DRY PDR,UNSWTND
gesiers	gésiers de volaille	05023	CHICKEN,GIZZARD,ALL CLASSES,RAW
gibier	gibier (chevreuil, sanglier, cerf)	17164	GAME MEAT,DEER,RAW
gingembre	gingembre frais	11216	GINGER ROOT,RAW
graines-courge	graines de courge	12014	PUMPKIN&SQUASH SD KRNLS,DRIED
graines-fenouil	graines de fenouil	02018	FENNEL SEED
graines-lin	graines de lin	12220	SEEDS,FLAXSEED
graisse-canard	graisse de canard	04574	FAT,DUCK
grenade	grenade	09286	POMEGRANATES,RAW
haddock	haddock	15035	HADDOCK,SMOKED
hareng	hareng	15039	HERRING,ATLANTIC,RAW
haricots-blancs	haricots blancs cuits	16050	BEANS,WHITE,MATURE SEEDS,CKD,BLD,WO/SALT
haricots-noirs	haricots noirs cuits	16015	BEANS,BLACK,MATURE SEEDS,CKD,BLD,WO/SALT
haricots-verts	haricots verts	11052	BEANS,SNAP,GREEN,RAW
huile-coco	huile de coco	04047	OIL,COCNT
huile-colza	huile de colza	04582	OIL,CANOLA
huile-noix	huile de noix	04528	OIL,WALNUT
huile-olive	huile d'olive	04053	OIL,OLIVE,SALAD OR COOKING
huile-sesame	huile de sésame grillé	04058	OIL,SESAME,SALAD OR COOKING
huitre	huître	15167	OYSTER,EASTERN,WILD,RAW
jambon-blanc	jambon blanc	07029	HAM,SLICED,REG (APPROX 11% FAT)
jambon-cru	jambon cru	10182	PORK,CURED,HAM,BNLESS,EX LN&REG,UNHTD
jaune-oeuf	jaune d'œuf	01125	EGG,YOLK,RAW,FRSH
kefir	kéfir de lait	01211	MILK,WHL,3.25% MILKFAT,WO/ ADDED VIT A & VITAMIN D
kimchi	kimchi	11118	CABBAGE,KIMCHI
kiwi	kiwi	09148	KIWIFRUIT,GRN,RAW
lait	lait entier	01211	MILK,WHL,3.25% MILKFAT,WO/ ADDED VIT A & VITAMIN D
lait-coco	lait de coco	12117	COCONUT MILK,RAW (LIQ EXPRESSED FROM GRATED MEAT&H2O)
laitue	laitue	11253	LETTUCE,GRN LEAF,RAW
langoustine	langoustine	15147	LOBSTER,NORTHERN,RAW
langue-boeuf	langue de bœuf	13339	BEEF,VAR MEATS&BY-PRODUCTS,TONGUE,RAW
lapin	lapin	17177	GAME MEAT,RABBIT,DOMESTICATED,COMP OF CUTS,RAW
lardons	lardons	10123	PORK,CURED,BACON,UNPREP
lentilles-corail	lentilles corail	16144	LENTILS,PINK OR RED,RAW
lentilles-vertes	lentilles vertes	16069	LENTILS,RAW
levure-chimique	levure chimique	18369	LEAVENING AGENTS,BAKING PDR,DOUBLE-ACTING,NA AL SULFATE
lotte	lotte	15054	MONKFISH,RAW
macadamia	noix de macadamia	12131	MACADAMIA NUTS,RAW
mais	maïs doux	11167	CORN,SWT,YEL,RAW
mais-a-eclater	maïs à éclater	19806	SNACKS,POPCORN,AIR-POPPED (UNSALTED)
mangue	mangue	09176	MANGOS,RAW
manioc	manioc	11134	CASSAVA,RAW
maquereau	maquereau	15046	MACKEREL,ATLANTIC,RAW
maquereau-conserve	maquereau en conserve	15048	MACKEREL,JACK,CND,DRND SOL
melon	melon	09181	MELONS,CANTALOUPE,RAW
menthe	menthe fraîche	02065	SPEARMINT,FRESH
miel	miel	19296	HONEY
miso	pâte miso	16112	MISO
morue-salee	morue salée	15018	COD,ATLANTIC,DRIED&SALTED
moule	moules	15164	MUSSEL,BLUE,RAW
mozzarella	mozzarella	01026	CHEESE,MOZZARELLA,WHL MILK
muscade	noix de muscade	02025	NUTMEG,GROUND
myrtille	myrtilles	09050	BLUEBERRIES,RAW
navet	navet	11564	TURNIPS,RAW
nectarine	nectarine	09191	NECTARINES,RAW
noisette	noisettes	12120	HAZELNUTS OR FILBERTS
noix	cerneaux de noix	12155	WALNUTS,ENGLISH
noix-cajou	noix de cajou	12087	NUTS,CASHEW NUTS,RAW
noix-coco	noix de coco râpée	12108	COCONUT MEAT,DRIED (DESICCATED),NOT SWTND
nouilles-riz	nouilles de riz	20133	RICE NOODLES,DRY
nouilles-sarrasin	nouilles soba	20114	NOODLES,JAPANESE,SOBA,DRY
oeuf	œuf	01123	EGG,WHL,RAW,FRSH
oeuf-caille	œuf de caille	01140	EGG,QUAIL,WHOLE,FRESH,RAW
oeuf-cane	œuf de cane	01138	EGG,DUCK,WHOLE,FRESH,RAW
oeufs-poisson	œufs de poisson	15072	ROE,MIXED SPECIES,RAW
oignon	oignon	11282	ONIONS,RAW
oignon-nouveau	oignon nouveau	11291	ONIONS,SPRING OR SCALLIONS (INCL TOPS&BULB),RAW
oignon-rouge	oignon rouge	11282	ONIONS,RAW
olive	olives	09193	OLIVES,RIPE,CND (SMALL-EXTRA LRG)
orange	orange	09200	ORANGES,RAW,ALL COMM VAR
orge	orge perlé	20005	BARLEY,PEARLED,RAW
oseille	oseille	11616	DOCK,RAW
pain-levain	pain au levain	18029	Bread, french
pain-pita	pain pita	18413	BREAD,PITA,WHITE,UNENR
pain-seigle	pain de seigle	18060	BREAD,RYE
palourde	palourdes	15157	CLAM,MIXED SPECIES,RAW
pamplemousse	pamplemousse	09111	GRAPEFRUIT,RAW,PINK&RED&WHITE,ALL AREAS
panais	panais	11298	PARSNIPS,RAW
panure	chapelure	18079	BREAD CRUMBS,DRY,GRATED,PLN
paprika	paprika	02028	PAPRIKA
parmesan	parmesan	01033	CHEESE,PARMESAN,HARD
pasteque	pastèque	09326	WATERMELON,RAW
patate-douce	patate douce	11507	SWEET POTATO,RAW,UNPREP
pates	pâtes	20420	PASTA,DRY,UNENR
pates-fraiches	pâtes fraîches aux œufs	20093	PASTA,FRESH-REFRIGERATED,PLN,AS PURCHASED
peche	pêche	09236	PEACHES,YEL,RAW
pecorino	pecorino romano	01038	CHEESE,ROMANO
persil	persil plat	11297	PARSLEY,FRSH
petits-pois	petits pois	11304	PEAS,GREEN,RAW
pied-veau	pied de veau	10102	PORK,FRSH,VAR MEATS&BY-PRODUCTS,FEET,RAW
pignons	pignons de pin	12147	NUTS,PINE NUTS,DRIED
piment-espelette	piment d'Espelette	02031	PEPPER,RED OR CAYENNE
piment-frais	piment frais	11819	PEPPERS,HOT CHILI,RED,RAW
pintade	pintade	05152	GUINEA HEN,MEAT ONLY,RAW
pistache	pistaches	12151	PISTACHIO NUTS,RAW
plantain	banane plantain	09277	PLANTAINS,RAW
poire	poire	09252	PEARS,RAW
poireau	poireau	11246	LEEKS,(BULB&LOWER LEAF-PORTION),RAW
pois-chiches	pois chiches cuits	16057	CHICKPEAS ,MATURE SEEDS,CKD,BLD,WO/SALT
poivron-grille	poivrons grillés	11823	PEPPERS,SWT,RED,CKD,BLD,DRND,WO/SALT
poivron-rouge	poivron rouge	11821	PEPPERS,SWT,RED,RAW
polenta	polenta	20020	CORNMEAL,WHOLE-GRAIN,YEL
pomme	pomme	09003	APPLES,RAW,WITH SKIN
pomme-de-terre	pomme de terre	11352	POTATOES,FLESH & SKN,RAW
pomme-de-terre-farineuse	pomme de terre farineuse	11353	POTATOES,RUSSET,FLESH & SKN,RAW
porc-cote	côte de porc	10044	PORK,FRSH,LOIN,CNTR RIB (CHOPS OR ROASTS),BONE-IN,LN&FAT,RAW
porc-echine	échine de porc	10080	PORK,FRSH,SHLDR,(BOSTON BUTT),BLADE (STEAKS),LN & FAT,RAW
porc-filet-mignon	filet mignon de porc	10218	PORK,FRSH,LOIN,TENDERLOIN,LN&FAT,RAW
porc-fume	carré de porc fumé	10170	PORK,CURED,SHLDR,BLADE ROLL,LN&FAT,UNHTD
porc-hache	porc haché	10219	PORK,FRESH,GROUND,RAW
porc-jarret	jarret de porc	10016	PORK,FRSH,LEG (HAM),SHANK HALF,LN&FAT,RAW
porc-poitrine	poitrine de porc	10005	PORK,FRSH,BELLY,RAW
porc-travers	travers de porc	10088	PORK,FRSH,SPARERIBS,LN&FAT,RAW
potimarron	potimarron	11422	PUMPKIN,RAW
poulet-aile	aile de poulet	05100	CHICKEN,BROILERS OR FRYERS,WING,MEAT&SKN,RAW
poulet-blanc	blanc de poulet	05062	CHICKEN,BROILER OR FRYERS,BRST,SKINLESS,BNLESS,MEAT ONLY,RAW
poulet-cuisse	cuisse de poulet	05075	CHICKEN,BROILERS OR FRYERS,LEG,MEAT&SKN,RAW
poulet-entier	poulet entier	05006	CHICKEN,BROILERS OR FRYERS,MEAT & SKN,RAW
poulet-haut-cuisse-desosse	haut de cuisse de poulet désossé	05096	CHICKEN,BROILERS OR FRYERS,DK MEAT,THIGH,MEAT ONLY,RAW
poulpe	poulpe	15166	OCTOPUS,COMMON,RAW
prune	prune	09279	PLUMS,RAW
pruneaux	pruneaux	09291	PLUMS,DRIED (PRUNES),UNCKD
quinoa	quinoa	20035	QUINOA,UNCKD
radis	radis	11429	RADISHES,RAW
raifort	raifort	02055	HORSERADISH,PREPARED
raisin	raisin	09132	GRAPES,RED OR GRN (EURO TYPE,SUCH AS THOMPSON SEEDLESS),RAW
raisins-secs	raisins secs	09298	RAISINS,SEEDLESS
ras-el-hanout	ras el hanout	02015	CURRY POWDER
reblochon	reblochon	01034	CHEESE,PORT DE SALUT
rhubarbe	rhubarbe	09307	RHUBARB,RAW
ricotta	ricotta	01036	CHEESE,RICOTTA,WHOLE MILK
ris-veau	ris de veau	17218	VEAL,VAR MEATS&BY-PRODUCTS,THYMUS,RAW
riz-blanc	riz blanc	20444	RICE,WHITE,LONG-GRAIN,REG,RAW,UNENR
riz-complet	riz complet	20036	RICE,BROWN,LONG-GRAIN,RAW
riz-rond	riz rond	20452	RICE,WHITE,SHORT-GRAIN,RAW,UNENR
rognon	rognon de veau	17197	VEAL,VAR MEATS&BY-PRODUCTS,KIDNEYS,RAW
romarin	romarin	02063	ROSEMARY,FRESH
roquefort	roquefort	01039	CHEESE,ROQUEFORT
roquette	roquette	11959	ARUGULA,RAW
rouget	rouget	15055	MULLET,STRIPED,RAW
saint-jacques	noix de Saint-Jacques	15172	SCALLOP,MIXED SPECIES,RAW
salsifis	salsifis	11437	SALSIFY,(VEG OYSTER),RAW
sardine-conserve	sardines à l'huile	15088	SARDINE,ATLANTIC,CND IN OIL,DRND SOL W/BONE
sarrasin	sarrasin	20008	BUCKWHEAT
sauce-poisson	sauce poisson	06179	SAUCE,FISH,READY-TO-SERVE
sauce-soja	sauce soja	16123	SOY SAU MADE FROM SOY&WHEAT (SHOYU)
saucisse-morteau	saucisse de Morteau	07059	POLISH SAUSAGE,PORK
saucisse-toulouse	saucisse de Toulouse	07036	SAUSAGE,ITALIAN,PORK,RAW
saucisson-sec	saucisson sec	07071	SALAMI,DRY OR HARD,PORK
saumon	pavé de saumon	15236	SALMON,ATLANTIC,FARMED,RAW
saumon-fume	saumon fumé	15077	SALMON,CHINOOK,SMOKED
sel	sel	02047	SALT,TABLE
semoule	semoule de blé	20466	SEMOLINA,UNENRICHED
sesame	graines de sésame	12023	SESAME SEEDS,WHOLE,DRIED
sirop-erable	sirop d'érable	19353	SYRUPS,MAPLE
sole	sole	15028	FLATFISH (FLOUNDER&SOLE SP),RAW
sucre	sucre complet	19334	SUGARS,BROWN
tahini	tahini	12166	SESAME BUTTER,TAHINI,FROM RSTD&TSTD KRNLS (MOST COMMON TYPE)
the	thé	14355	BEVERAGES,TEA,BLACK,BREWED,PREP W/ TAP H2O
thon	thon frais	15117	TUNA,FRESH,BLUEFIN,RAW
thon-conserve	thon en conserve	15121	FISH,TUNA,LT,CND IN H2O,DRND SOL
thym	thym	02049	THYME,FRSH
tomate	tomate	11529	TOMATOES,RED,RIPE,RAW,YEAR RND AVERAGE
tomate-cerise	tomate cerise	11529	TOMATOES,RED,RIPE,RAW,YEAR RND AVERAGE
tomates-concassees	tomates concassées	11531	TOMATOES,RED,RIPE,CND,PACKED IN TOMATO JUC
topinambour	topinambour	11226	JERUSALEM-ARTICHOKES,RAW
tortilla-mais	tortilla de maïs	18449	TORTILLAS,RTB OR -FRY,CORN,WO/ SALT
tripes	tripes	13341	BEEF,VAR MEATS&BY-PRODUCTS,TRIPE,RAW
truite	truite	15240	TROUT,RAINBOW,FARMED,RAW
vanille	vanille	02050	VANILLA EXTRACT
veau-cote	côte de veau	17110	VEAL,RIB,LN&FAT,RAW
veau-epaule	épaule de veau	17116	VEAL,SHLDR,WHL (ARM&BLD),LN&FAT,RAW
veau-escalope	escalope de veau	17426	VEAL,LEG,TOP RND,CAP OFF,CUTLET,BNLESS,RAW
veau-hache	veau haché	17142	VEAL,GROUND,RAW
veau-jarret	jarret de veau	17116	VEAL,SHLDR,WHL (ARM&BLD),LN&FAT,RAW
vin-blanc	vin blanc sec	14106	ALCOHOLIC BEV,WINE,TABLE,WHITE
vin-rouge	vin rouge	14096	ALCOHOLIC BEV,WINE,TABLE,RED
vinaigre-balsamique	vinaigre balsamique	02069	VINEGAR,BALSAMIC
vinaigre-cidre	vinaigre de cidre	02048	VINEGAR,CIDER
yaourt-grec	yaourt grec	01293	YOGURT,GREEK,PLN,WHL MILK
yaourt-nature	yaourt nature entier	01116	YOGURT,PLN,WHL MILK,8 GRAMS PROT PER 8 OZ
